{"count":1,"self":12.2574808,"total":12.54472,"children":{"InitializeActuators":{"count":1,"self":0.00081799999999999993,"total":0.00081799999999999993,"children":null},"InitializeSensors":{"count":1,"self":0.0016539999999999999,"total":0.0016539999999999999,"children":null},"AgentSendState":{"count":606,"self":0.028006999999999997,"total":0.037114999999999995,"children":{"CollectObservations":{"count":122,"self":0.002178,"total":0.002178,"children":null},"WriteActionMask":{"count":122,"self":0.000557,"total":0.000557,"children":null},"RequestDecision":{"count":122,"self":0.0063729999999999993,"total":0.0063729999999999993,"children":null}}},"DecideAction":{"count":606,"self":0.23588299999999998,"total":0.236944,"children":{"RayPerceptionSensor.Perceive":{"count":122,"self":0.0010609999999999999,"total":0.0010609999999999999,"children":null}}},"AgentAct":{"count":606,"self":0.010107999999999999,"total":0.010107999999999999,"children":null}},"gauges":{},"metadata":{"timer_format_version":"0.1.0","start_time_seconds":"1712539992","unity_version":"2023.2.14f1","command_line_arguments":"\/Applications\/Unity\/Hub\/Editor\/2023.2.14f1\/Unity.app\/Contents\/MacOS\/Unity -projectpath \/Users\/edmundsze\/Downloads\/300\/L79 Rebuilt -useHub -hubIPC -cloudEnvironment production","communication_protocol_version":"1.5.0","com.unity.ml-agents_version":"3.0.0-exp.1","scene_name":"AgentTraining","end_time_seconds":"1712540005"}}